Adan-Manes_2006_16882112,http://localhost/wiley/wiley16882112.html
Aquilante_2012_22174437,http://localhost/wiley/wiley22174437.html
Ayalasomayajula_2007_17442686,http://localhost/wiley/wiley17442686.html
Backman_2005_16084850,http://localhost/wiley/wiley16084850.html
Becquemont_2007_17301736,http://localhost/wiley/wiley17301736.html
Bhome_2012_22023482,http://localhost/wiley/wiley22023482.html
Boralli_2009_19033449,http://localhost/wiley/wiley19033449.html
Boucher_2009_19236630,http://localhost/wiley/wiley19236630.html
Chappell_2009_19793910,http://localhost/wiley/wiley19793910.html
Choi_2008_17568401,http://localhost/wiley/wiley17568401.html
Chung_200516198653,http://localhost/wiley/wiley16198653.html
Derks_2010_20489031,http://localhost/wiley/wiley20489031.html
Dubovsky_2011_21755540,http://localhost/wiley/wiley21755540.html
Edwin_2010_20081064,http://localhost/wiley/wiley20081064.html
Gerrits_2012_21628604,http://localhost/wiley/wiley21628604.html
Gustavson_2005_16027406,http://localhost/wiley/wiley16027406.html
Honkalammi_2012_22472994.pdf,http://localhost/wiley/wiley22472994.html
Hu_2011_21545622,http://localhost/wiley/wiley21545622.html
Ieiri_2007_17460607,http://localhost/wiley/wiley17460607.html
Inagaki_2011_21228405,http://localhost/wiley/wiley21228405.html
Jung_2005_16321618,http://localhost/wiley/wiley16321618.html
Keskitalo_2009_19474787,http://localhost/wiley/wiley19474787.html
Kim_2008_18094221,http://localhost/wiley/wiley18094221.html
Krajewski_2010_20056800,http://localhost/wiley/wiley20056800.html
Kubitza_2005_16198660,http://localhost/wiley/wiley16198660.html
Kubitza_2006_16920892,http://localhost/wiley/wiley16920892.html
Kubitza_2013_23381840,http://localhost/wiley/wiley23381840.html
Lau_2007_17192770,http://localhost/wiley/wiley17192770.html
Laugesen_2005_15903129,http://localhost/wiley/wiley15903129.html
Lee_2005_16198652,http://localhost/wiley/wiley16198652.html
Mach_2005_16101667,http://localhost/wiley/wiley16101667.html
Mahatthanatrakul_2012_21518375.pdf,http://localhost/wiley/wiley21518375.html
Mattichak_2005_15966919,http://localhost/wiley/wiley15966919.html
Morrison_2012_22452676.pdf,http://localhost/wiley/wiley22452676.html
Niemi_2006_17015053,http://localhost/wiley/wiley17015053.html
Samineni_2012_21712498,http://localhost/wiley/wiley21712498.html
Schmidt-Hoffmann_2011_ 21443601,http://localhost/wiley/wiley21443601.html
Schwartz_2009_18754003,http://localhost/wiley/wiley18754003.html
Simonson_2005_16027403,http://localhost/wiley/wiley16027403.html
Suzuki_2011_22144033,http://localhost/wiley/wiley22144033.html
Tanaka_2011_20702754.pdf,http://localhost/wiley/wiley20702754.html
Vaidyanathan_2008_18784280,http://localhost/wiley/wiley18784280.html
Vieweg_2005_16156840,http://localhost/wiley/wiley16156840.html
Whitfield_2011_20413454,http://localhost/wiley/wiley20413454.html