Aslangul_2010_19838098,http://localhost/wolters/wolters19838098.html
Bittar_2012_22739396,http://localhost/wolters/wolters22739396.html
Bondolfi_2005_16044115,http://localhost/wolters/wolters16044115.html
Busti_2008_18520949,http://localhost/wolters/wolters18520949.html
Carrillo_1999_10587283,http://localhost/wolters/wolters10587283.html
Chan_2006_17110836,http://localhost/wolters/wolters17110836.html
Chang_2012_22217948,http://localhost/wolters/wolters22217948.html
Cooper-Kazaz_2010_20520303,http://localhost/wolters/wolters20520303.html
Dardis_2012_22735246,http://localhost/wolters/wolters22735246.html
DeVane_2001_11476125,http://localhost/wolters/wolters11476125.html
Denbow_1990_2382161,http://localhost/wolters/wolters2382161.html
Deng_2008_18408565,http://localhost/wolters/wolters18408565.html
Fabrazzo_2000_11106150,http://localhost/wolters/wolters11106150.html
Facciola_1998_9853978,http://localhost/wolters/wolters9853978.html
Fichtenbaum_2002_11873000,http://localhost/wolters/wolters11873000.html
Gerber_2005_15980690,http://localhost/wolters/wolters15980690.html
Gex-Fabry_2003_12548144,http://localhost/wolters/wolters12548144.html
Gitlin_1997_9004070,http://localhost/wolters/wolters9004070.html
Guthrie_1995_7782487,http://localhost/wolters/wolters7782487.html
GÃ¼zey_2002_12021638,http://localhost/wolters/wolters12021638.html
Haslemo_2012_22972535,http://localhost/wolters/wolters22972535.html
Hasselstrom_2004_15385830,http://localhost/wolters/wolters15385830.html
Hough_2010_20881844,http://localhost/wolters/wolters20881844.html
Hung_2012_22561472,http://localhost/wolters/wolters22561472.html
Jerling_1994_7974626,http://localhost/wolters/wolters7974626.html
Jover_2002_12410055,http://localhost/wolters/wolters12410055.html
Justiniano_2007_17921794,http://localhost/wolters/wolters17921794.html
Kirchheiner_2002_12360109,http://localhost/wolters/wolters12360109.html
Kiser_2008_18176327,http://localhost/wolters/wolters18176327.html
Kurnik_2004_15028964,http://localhost/wolters/wolters15028964.html
Lange-Asschenfeldt_2002_12172351,http://localhost/wolters/wolters12172351.html
Lee_2012_22722500,http://localhost/wolters/wolters22722500.html
Lin_2012_22217947,http://localhost/wolters/wolters22217947.html
Lu_2002_12172350,http://localhost/wolters/wolters12172350.html
Mihara_2003_12766554,http://localhost/wolters/wolters12766554.html
Mittino_2004_15190240,http://localhost/wolters/wolters15190240.html
Moore_2011_21822144,http://localhost/wolters/Moore_2011_21822144.pdf
Morgan_2012_22472908,http://localhost/wolters/wolters22472908.html
Nakamura_2009_19701114,http://localhost/wolters/wolters19701114.html
Nichols_2009_19593180,http://localhost/wolters/wolters19593180.html
Nickl-Jockschat_2009_19471186,http://localhost/wolters/wolters19471186.html
Pasanen_2006_17108811,http://localhost/wolters/wolters17108811.html
Potkin_2013_23277250,http://localhost/wolters/wolters23277250.html
Reimers_2005_16012277,http://localhost/wolters/wolters16012277.html
Shader_1994_7884016,http://localhost/wolters/wolters7884016.html
Shin_2004_15319707,http://localhost/wolters/wolters15319707.html
Shin_2011_21765368,http://localhost/wolters/wolters21765368.html
Sirot_2009_19593168,http://localhost/wolters/wolters19593168.html
Spina_2002_12172343,http://localhost/wolters/wolters12172343.html
Spina_2009_19865002,http://localhost/wolters/wolters19865002.html
Stangier_2009_19178132,http://localhost/wolters/Stangier_2009_19178132.pdf
Strouse_2006_17110838,http://localhost/wolters/wolters17110838.html
Trieu_2004_15545884,http://localhost/wolters/wolters15545884.html
Ubogu_2003_12671522,http://localhost/wolters/wolters12671522.html
Uno_2008_18520598,http://localhost/wolters/wolters18520598.html
Van-Luin_2010_20395869,http://localhost/wolters/wolters20395869.html
Yeh_2006_16639344,http://localhost/wolters/wolters16639344.html